{
  "images": [
    {
      "size": "60x60",
      "idiom": "iphone",
      "filename": "icon-60x60@2x.png",
      "scale": "2x"
    },
    {
      "size": "60x60",
      "idiom": "iphone",
      "filename": "icon-60x60@3x.png",
      "scale": "3x"
    },
    {
      "size": "40x40",
      "idiom": "iphone",
      "filename": "icon-40x40@2x.png",
      "scale": "2x"
    },
    {
      "size": "40x40",
      "idiom": "iphone",
      "filename": "icon-40x40@3x.png",
      "scale": "3x"
    },
    {
      "size": "29x29",
      "idiom": "iphone",
      "filename": "icon-29x29@2x.png",
      "scale": "2x"
    },
    {
      "size": "29x29",
      "idiom": "iphone",
      "filename": "icon-29x29@3x.png",
      "scale": "3x"
    },
    {
      "size": "20x20",
      "idiom": "iphone",
      "filename": "icon-20x20@2x.png",
      "scale": "2x"
    },
    {
      "size": "20x20",
      "idiom": "iphone",
      "filename": "icon-20x20@3x.png",
      "scale": "3x"
    },
    {
      "size": "76x76",
      "idiom": "ipad",
      "filename": "icon-76x76@1x.png",
      "scale": "1x"
    },
    {
      "size": "76x76",
      "idiom": "ipad",
      "filename": "icon-76x76@2x.png",
      "scale": "2x"
    },
    {
      "size": "84x84",
      "idiom": "ipad",
      "filename": "icon-83_5x83_5@2x.png",
      "scale": "2x"
    },
    {
      "size": "40x40",
      "idiom": "ipad",
      "filename": "icon-40x40@1x.png",
      "scale": "1x"
    },
    {
      "size": "40x40",
      "idiom": "ipad",
      "filename": "icon-40x40@2x.png",
      "scale": "2x"
    },
    {
      "size": "29x29",
      "idiom": "ipad",
      "filename": "icon-29x29@1x.png",
      "scale": "1x"
    },
    {
      "size": "29x29",
      "idiom": "ipad",
      "filename": "icon-29x29@2x.png",
      "scale": "2x"
    },
    {
      "size": "20x20",
      "idiom": "ipad",
      "filename": "icon-20x20@1x.png",
      "scale": "1x"
    },
    {
      "size": "20x20",
      "idiom": "ipad",
      "filename": "icon-20x20@2x.png",
      "scale": "2x"
    },
    {
      "size": "1024x1024",
      "idiom": "ios-marketing",
      "filename": "icon-1024.png",
      "scale": "1x"
    }
  ],
  "info": {
    "version": 1,
    "author": "xcode"
  }
}